Interior,count
0,3689
Đầy đủ,3222
Cơ bản,1023
Đầy đủ.,471
Không nội thất,149
Cơ bản.,149
Full nội thất.,54
Không nội thất.,36
Full,31
Nội thất đầy đủ.,12
Nội thất cơ bản.,12
Đầy đủ nội thất.,9
Full nội thất,9
Nội thất cao cấp.,8
Full.,8
Đầy đủ full nội thất.,6
"- Nội thất nhập khẩu cao cấp (thiết bị vệ sinh, thiết bị bếp, điều hoà âm trần, cửa nhập khẩu, kính Low - E cách âm, cách nhiệt và đặc biệt chống tia UV.",6
Full nội thất cao cấp.,6
Nội thất full.,5
Full nội thất đẹp.,5
Full đồ.,5
Nội thất,5
Nội thất cao cấp,5
Đầy đủ nội thất cao cấp.,5
Full NT.,5
Cao cấp,5
NT,4
Thô,3
Full nội thất cao cấp,3
Đầy đủ - Nội thất để lại toàn bộ.,3
Đầy đủ full nội thất cao cấp.,3
Cao Cấp,2
"Full nội thất cao cấp. + Gia đình tôi đã thiết kế căn hộ hoàn toàn, nội thất cao cấp nhập khẩu, giữ gìn sạch sẽ (Ảnh thật).",2
"Đầy đủ - Nội thất đầy đủ, bao gồm điều hòa, tủ lạnh, giường...",2
Nội thất đẹp thiết kế sang trọng trẻ trung.,2
Hoàn thiện nội thất hiện đại.,2
Nt,2
Full nội thất mới.,2
"Đầy đủ - Nội thất đầy đủ, phù hợp với nhu cầu sinh hoạt hiện đại.",2
Nội thất đẹp.,2
Đầy đủ full nội thất xịn sò.,2
Nội thất để lại cơ bản.,2
Full nội thất cơ bản.,2
Đầy đủ nội thất đầy đủ.,2
Nội thất đầy đủ,2
Hoàn thiện nội thất.,2
Nguyên bản chủ đầu tư.,2
Đẹp,2
Nội thất đầy đủ (tôi để lại toàn bộ nội thất).,2
Full NT xịn xò.,2
Nội thất liền tường nhập khẩu.,2
Full đồ đẹp.,2
"- Tòa căn hộ cao cấp với tiêu chuẩn bàn giao full nội thất liền tường, thiết bị vs, cửa, điều hòa, trần sàn..",2
"Nhà có trần thạch cao, hệ thống đèn trang trí, tủ bếp, bếp hút mùi, tủ các phòng, tủ giấy nhà mình đều thiết kế âm tường, 3 điều hòa, nóng lạnh, rèm lưới an toàn.",2
Đầy đủ. - Full đồ sẵn chỉ việc mang vali đến ở.,2
Nhà full NT đẹp.,2
Nội thất: Bàn giao nguyên bản chủ đầu tư.,2
Full đồ nội thất.,2
Đầy đủ - Nội thất đã làm đẹp để ở lâu dài.,2
Hoàn thiện nội thất nhập khẩu.,2
- Nội thất đã làm đẹp để ở lâu dài.,2
"Đầy đủ + Nội thất full đồ, cam kết sản ở - không cần sửa sang gì thêm.",1
Cơ bản - Nội thất bàn giao cơ bản chủ đầu tư để chủ mới decor nội thất theo sở thích riêng.,1
"2PN căn góc view hồ, view Thành công",1
"Hoàn thiện nội thất cao cấp, thang máy nhập khẩu nguyên chiếc, điều hòa âm trần, thiết kế phong cách hiện đại.",1
Không nội thất Full tiện ích ngay tại sảnh.,1
"- Nội thất hoàn thiện cao cấp: * Toàn bộ nội thất được trang bị sẵn, nhập khẩu hiện đại và sang trọng, mang phong cách tinh tế. Cam kết bán full nội thất hiện đại, cao cấp. Cam kết bán full nội thất h",1
Nhà đầy đủ nội thất.,1
Liền tường.,1
Nhà đã có nội thất cơ bản sàn gỗ trần thạch cao thiết bị vệ sinh rèm cửa tủ quần áo bếp.,1
"Cơ bản - Nội thất bàn giao: Sàn gỗ, trần thạch cao, thiết bị vệ sinh, bếp đầu chờ.",1
"Đầy đủ Đầy đủ nội thất mới đẹp tôi làm rất tâm huyết, đồ điện tử tôi để lại toàn bộ.",1
Nội thất: Đầy đủ.,1
- Nội thất trang bị cơ bản đầy đủ. Nhà đẹp như hình ảnh. Dọn về ở luôn.,1
"Nội thất đầy đủ, bao gồm điều hòa, tủ lạnh, giường.",1
Đầy đủ nội thất: full đồ.,1
Đầy đủ nội thất nhập khẩu.,1
"Full nội thất gồm. Điều hòa âm trần DaiKin. Bếp tủ Hafele. Full wc Kholer, hệ thống điện cảm ứng thông minh. Nhanh tay chốt lên những căn cuối cùng nguyên bản cđt.",1
Đầy đủ rất đẹp.,1
- Full nội thất mới đẹp xịn sò.,1
Nội thất mới xịn xò.,1
"Đầy đủ Hiện trạng đã full phòng, đầy đủ nội thất, camera an ninh tuyệt đối.",1
Đầy đủ - Hoặc cơ bản,1
Nội thất siêu đẹp.,1
"Đầy đủ Nội thất hiện đại, xịn xò 5 sao.",1
Đầy đủ nội thất và thiết bị năng lượng mặt trời.,1
Nhà Thô,1
Bàn giao full đồ nội thất.,1
"Cơ bản Nội thất gồm điều hòa, tủ bếp, tủ âm tường, sàn gỗ...",1
Căn hộ được trang bị nội thất tương đối đầy đủ.,1
Đầy đủ nhà tôi bàn giao đầy đủ cả đồ điện tử.,1
"Đầy đủ - Nhà mới, nội thất full nhập khẩu.",1
Nội thất: Đầy đủ như tôi chụp.,1
Đầy đủ nội thất cao cấp,1
"Đầy đủ - Nhà thiết kế nội thất hiện đại, đầy đủ công năng, nhà ở giữ gìn rất mới, sạch đẹp.",1
"Nội thất: Nội thất sẽ được gia chủ làm rất tỉ mỉ, lắp đặt full nội thất: Cửa chính 2 lớp: Cửa gỗ lim nguyên khối, sàn gỗ, tủ bếp hút mùi, nóng lạnh, điều hòa các phòng, giường, tủ quần áo, bàn trang đ",1
"Full nội thất nhập khẩu như Grohe, Hafele, simon, điều hòa các phòng, giường, tủ, sofa.",1
"Đầy đủ 5 điều hoà mát rượi, phòng bếp full đồ, phòng khách tủ kệ, sôfa.",1
"- Tình trạng: Nhà bàn giao thô, đã hoàn thiện mặt ngoài.",1
"Đầy đủ với điều hòa, tủ lạnh, giường...",1
Full đồ nội thất đầy đủ.,1
- Nội thất đầy đủ (thiếu đồ DT).,1
- Nội thất: Full nội thất.,1
Đầy đủ + Căn hộ full nội thất cao cấp sang xịn mịn.,1
"Đồ nhập khẩu. Đã hoàn thiện rất đẹp, đồ nhập khẩu.",1
"Đầy đủ - Nội thất bao gồm điều hòa, tủ lạnh, giường, mang đến sự tiện nghi cho cuộc sống hàng ngày.",1
"Đã bàn giao, nội thất chủ đầu tư cực kỳ sang trọng và đẳng cấp.",1
"Trang bị thiết bị vệ sinh Toto xịn, 2 điều hòa Daikin xịn, 2 bình nóng lạnh Ariston. Nội thất gỗ tự nhiên.",1
"Cơ bản + Nội thất cơ bản, dễ dàng tùy chỉnh theo sở thích cá nhân.",1
Đầy đủ Nhà đã đầy đủ nội thất từ giường tủ cho đến bếp.,1
Chủ tự thiết kế nội thất gỗ trong nhà tinh tươm xem là kết!,1
"Sàn gỗ, trần thạch cao giật cấp các phòng, tủ bếp, bếp, hút mùi, tủ quần áo, tủ giày, kệ tivi, 4 điều hòa, nóng lạnh, rèm, lưới an toàn...",1
"Từ không đồ, đồ cơ bản đến full đồ",1
"Đầy đủ: Sofa, tủ bếp, bếp từ, điều hòa, nóng lạnh, rèm cửa, giàn phơi, tivi, máy giặt...",1
Toàn bộ nội thất xịn cao cấp,1
"- Nhà xây mới 4T phong cách Châu Âu hiện đại, tinh tế, trẻ trung. Đầy đủ nội thất hoàn thiện, chỉ việc dọn về ở.",1
Căn full nội thất chỉ việc vào ở.,1
"Đầy đủ Nội thất xịn, nhà đẹp.",1
NTCB,1
"Đầy đủ - Điều hoà âm trần, full sàn gỗ.",1
Đồ nội thất xịn sò - hiện đại.,1
"Đầy đủ nội thất đầy đủ gồm: Giường, tủ, bếp, điều hòa, nóng lạnh...",1
Đầy đủ Nội thất: Full nội thất khách chỉ việc sách vali về ở.,1
"Đầy đủ bao gồm điều hòa, tủ lạnh, giường...",1
Nội thất bàn giao cơ bản theo CĐT.,1
"Nội thất đầy đủ: Tủ bếp, bếp từ, hút mùi phòng bếp, bàn ghế sofa phòng khách, bàn ghế ăn, giường, tủ quần áo, rèm cửa;",1
"Đầy đủ - Căn hộ được trang bị đầy đủ nội thất như điều hòa, tủ lạnh, giường,...",1
Đầy đủ Full nội thất.,1
Đầy đủ full nội thất xịn xò.,1
Trang bị đầy đủ nội thất chỉ việc xách vali về ở.,1
"Full nội thất + điều hòa Giường, tủ, sofa, tủ bếp đồng bộ.",1
Cơ bản full nội thất.,1
"Cơ bản. + Nội thất cơ bản đầy đủ: Điều hòa, nóng lạnh, Bếp trên bếp dưới, Đồ điện tử khu bếp BOSH nhập khẩu Đức...",1
Full nội thất cao cấp nhập khẩu,1
Đầy đủ Nội thất: Full.,1
Nội thất cao cấp đầy đủ,1
Đầy đủ nội thất full đủ đồ.,1
"Đầy đủ + Full nội thất: Sàn gỗ, 3 điều hòa, ti vi, tủ lạnh, máy giặt, máy rửa bát...",1
"Đầy đủ + Nội thất cao cấp, bàn ghế gỗ cẩm trắc, cửa được làm bằng gỗ gõ đỏ, nội thất gỗ óc chó. + Sổ đỏ pháp lý chuẩn, sẵn sàng giao dịch. + Thang máy nhập khẩu.",1
"+ Full nội thất: Sàn gỗ, 3 điều hòa, ti vi, tủ lạnh, máy giặt, máy rửa bát...",1
Hoàn thiện nội thất đẹp.,1
Đồ cơ bản/full,1
Nhà thô,1
Cơ bản chủ đầu tư,1
"Đầy đủ, mới - Nội thất mới làm lại.",1
Đầy đủ - Full nội thất mới.,1
Cơ bản - Bàn giao tiêu chuẩn chủ đầu tư. - Bàn giao tiêu chuẩn chủ đầu tư.,1
"Đầy đủ bao gồm giường, tủ, bàn ghế, và nhiều thứ khác.",1
"Đầy đủ - Nội thất full, làm đẹp và chắc chắn để ở. - Nội thất full, làm đẹp và chắc chắn để ở.",1
Đầy đủ ố - tiện ích bạt ngàn - full nội thất xịn sò.,1
"Nội thất trong nhà có tủ bếp, thiết bị vệ sinh, tay vịn cầu thang, hệ thống cửa, điện nước đầy đủ, máy bơm, bồn nước.",1
"Đầy đủ + Nội thất đầy đủ, cao cấp.",1
Nội thất Châu Âu,1
Nội thất chủ nhà cầu kỳ rất đẹp.,1
"Đầy đủ - Nội thất đầy đủ với những món đồ như sofa, giường, tủ bếp, và máy lạnh.",1
"Để lại toàn bộ nội thất gồm full thiết bị vệ sinh cao cấp, giường, tủ, bếp, điều hòa, nóng lạnh, ghế sofa, tivi...",1
"Có sẵn nội thất gồm giường, tủ, bàn ghế...",1
Nội Thất,1
Để lại full nội thất.,1
"Đầy đủ Căn đầy đủ nội thất, đã được sửa đẹp.",1
Đủ đồ.,1
"Đầy đủ full nội thất cao cấp, thiết bị vệ sinh nhập khẩu, công tắc Panasonic.",1
Nhà xây thô,1
"Cơ bản - Nội thất bàn giao: Cửa khóa thông minh 4 chức năng Kaadas, sàn gỗ, trần thạch cao, điều hoà âm trần, hệ thống đèn Downlight liền tường, thiết bị vệ sinh đầy đủ, bình nóng lạnh...",1
"Cơ bản nội thất: Nóng lạnh, điều hoà, bếp, tủ bếp, hút mùi.",1
"Nội thất Châu Âu,",1
Đầy đủ - Nội thất mới như hình.,1
Đầy đủ - Nội thất nhà chú ấy tự hoàn thiện rất tâm huyết. Nếu khách hàng không lấy nội thất sẽ trừ vào giá bán. - Nội thất nhà chú ấy tự hoàn thiện rất tâm huyết. Nếu khách hàng không lấy nội thất sẽ,1
"Đầy đủ - Nội thất bàn giao đầy đủ, thiết kế hợp lí, hiện đại trẻ trung chỉ việc xách vali về ở.",1
"Cơ bản Nội thất cơ bản chủ đầu tư: Sàn gỗ, trần thạch cao kèm đèn led downlight, tường đc sơn bả, cửa, thiết bị điện liền tường, thiết bị nhà vệ sinh...",1
"Đầy đủ - Nội thất đầy đủ với điều hòa, tủ lạnh, giường, giúp khách hàng có thể dọn vào ở ngay.",1
Để lại toàn bộ nội thất hiện tại.,1
Full NT,1
Đồ cơ bản.,1
Full nội thất lung linh.,1
"- Nội thất xịn: Nhà hoàn thiện về ở luôn, cửa chính 2 lớp, tủ bếp gỗ sồi Nga, trần thạch cao, điện nước đầy đủ... Tôi để lại hết. - Nhà xây theo kiểu kiến trúc hiện đại nên rất thoáng đãng và mát mẻ.",1
Cơ bản - Nội thất như hình.,1
"Nhà đã hoàn thiện đầy đủ nội thất, chỉ việc dọn về ở.",1
"Bàn giao cao cấp: Điều hòa âm trần 2 chiều, tủ bếp, bếp từ hút mùi Hafele, sàn gỗ, thiết bị vệ sinh Kohler có bồn tắm và bệt thông minh, cửa chống cháy Porta Door,...",1
Nội thất cơ bản đầy đủ.,1
Nội thất full đẹp.,1
Bàn giao thô hoàn thiện mặt ngoài,1
"- Đầy đủ nội thất sịn sò, tầng trung đẹp. - Nhà để ở nên nội thất tôi làm chỉn chu, tỉ mỉ.",1
"Nội thất bếp đồ gỗ đầy đủ. Điều hòa, nóng lạnh, tủ bếp, sàn gỗ, tủ quần áo, sofa, thiết bị vệ sinh.",1
Đầy đủ Nhà nội thất cơ bản.,1
Full + đồ điện tử,1
Đầy đủ + Nội thất đầy đủ.,1
Đầy đủ + điều hòa + giường + tủ lạnh +...,1
"Đầy đủ Nội thất hàng tuyển, full đồ tivi, máy giặt, tủ lạnh, lò vi sóng.",1
"Tủ bếp, cầu thang gỗ, các cửa phòng nhôm kính Việt Pháp, thiết bị wc..",1
Bàn giao thô,1
Full nội thất liền tường nhập khẩu.,1
Đầy đủ full nội thất và có thang máy 450kg nhập khẩu.,1
"Đầy đủ Full nội thất cao cấp, chủ nhà chỉ việc xách vali vào ở.",1
- Bàn giao full nội thất liền tường.,1
Nội thất đầy đủ do vợ chồng chủ nhà cực kỳ tâm huyết đích thân chăm chút hoàn thiện.,1
"Đầy đủ - Full nội thất đẹp long lanh, nhà mới nguyên vẹn. - Full nội thất đẹp long lanh, nhà mới nguyên vẹn.",1
Bàn giao full nội thất liền tường cao cấp.,1
"Đầy đủ - Nội thất đầy đủ: Điều hòa, tủ lạnh, giường... Chỉ việc xách vali đến ở.",1
"Đầy đủ - Nội thất cơ bản đầy đủ, chỉ việc đến ở.",1
"Nội thất nguyên bản chủ đầu tư: Bếp, tủ bếp, hút mùi, nóng lạnh, điều hòa âm trần, sàn gỗ, thiết bị vệ sinh...",1
Cơ bản nội thất nhập khẩu cao cấp được tặng kèm.,1
Full đồ nội thất đẹp.,1
"Đầy đủ + Nội thất đầy đủ với các trang thiết bị hiện đại như điều hòa, tủ lạnh, giường...",1
Hoàn thiện nội thất,1
"Cơ bản: Chưa có trần thạch cao, bếp tủ bếp.",1
"Cơ bản Để lại điều hòa, bình nóng lạnh, máy lọc nước, tủ giường bàn ghế cơ bản.",1
"Cơ bản Bàn giao nội thất xịn, nhập khẩu Đức.",1
Nội thất gắn tường.,1
"Đầy đủ - Nhà full nội thất mới đẹp, sẵn về ở luôn.",1
Nội thất bàn giao đầy đủ như ảnh.,1
Đầy đủ - Nhà full đồ đẹp về ở ngay được.,1
Nguyên bản CĐT.,1
"Đầy đủ - Nội thất cơ bản, nhà mới chưa ở, phù hợp cho khách về thiết kế theo sở thích. - Nội thất cơ bản, nhà mới chưa ở, phù hợp cho khách về thiết kế theo sở thích.",1
Sẵn nội thất chỉ việc dọn đồ về ở đón tết.,1
"Để lại 3 điều hòa, nóng lạnh, tủ lạnh, máy giặt, tủ bếp, bếp, hút mùi, sofa, kệ tivi, giường tủ.",1
Đủ đồ nội thất đẹp.,1
"Cơ bản Nội thất hiện đại, đầy đủ tiện nghi cao cấp, tủ bếp, thiết bị vệ sinh cao cấp.",1
"Đầy đủ nội thất liền tường cơ bản: Trần, tường, sàn, đèn, điều hòa tủ bếp, thiết bị vệ sinh.",1
Đầy đủ full nội thất - xịn xò.,1
"Đầy đủ full nội thất, giường, tủ, bếp từ, tủ lạnh, lò vì sóng, ti vi.",1
Đầy đủ full nội thất và có thang máy 450kg.,1
+ Nội thất cơ bản.,1
"Đầy đủ - Điểm đặc biệt: Căn hộ được trang bị đầy đủ nội thất như điều hòa, tủ lạnh, giường, mang đến sự tiện nghi và thoải mái cho người sử dụng. Pháp lý đầy đủ, đảm bảo tính minh bạch và an toàn cho.",1
"Đầy đủ Full đồ gỗ, đồ điện tử xịn.",1
Đầy đủ + nội thất đầy đủ.,1
"Đầy đủ tivi 75inch Sony, điều hoà 2 chiều Mitsubishi, bàn đảo - bàn ăn nhập khẩu, tủ deco trang trí, sofa da nhập khẩu, hệ thống bếp đầy đủ. Tivi 75inch Sony, điều hoà 2 chiều Mitsubishi, bàn đảo - bà",1
Cao cấp,1
"- Nhà có nội thất, ở luôn.",1
"Nhà mình đã đầy đủ nội thất, khách mua chỉ việc về ở.",1
"Bàn giao: Bàn tủ bếp đầy đủ, nóng lạnh, sàn, thiết bị vệ sinh, điều hoà.",1
"- Full sàn gỗ, full nội thất nhà vệ sinh, nội thất bếp, máy lạnh, thiết kế như hình.",1
Nội thất liền tường. Điều hòa âm DaiKin. Bếp tủ Hafele. Full WC Kholer.,1
"Cơ bản trang bị nội thất cơ bản như điều hòa âm trần, giường, tủ quần áo, và nhiều tiện ích khác.",1
"Bao gồm tủ lạnh, máy giặt riêng, giường tủ, sofa, bàn trà...",1
"Cơ bản Nội thất: Để lại toàn bộ nội thất gắn tường bao gồm giường, tủ, bàn, ghế, bếp.",1
"Điều hoà âm trần, sàn gỗ, thiết bị vệ sinh, nội thất gỗ tự nhiên, full đồ cao cấp. Giường tủ, tủ lạnh Hitachi, tivi, máy giặt,...",1
Đầy đủ Full nội thất cao cấp.,1
Full nội thất cao cấp liền tường nhập khẩu Châu Âu.,1
"Full nội thất. Giường tủ, đồ điện tử đầy đủ. Điều hòa âm DaiKin. Bếp tủ Hafele.",1
"Đầy đủ Nội thất: Full đồ nhập khẩu (bàn ghế, giường tủ, điều hòa, tủ bếp, máy giặt, ).",1
Nội thất cơ bản,1
"Đầy đủ Bàn giao đầy đủ nội thất, bao gồm cả đồ điện tử.",1
Đầy đủ nhà full nội thất.,1
Cơ bản như hình.,1
Nội thất full đầy đủ đẹp long lanh ảnh thật căn hộ mình để phía dưới.,1
Đầy đủ Nội thất full đẹp.,1
Full nội thất xịn.,1
Tặng lại toàn bộ nội thất.,1
"Nội thất full đồ, ĐH, nóng lạnh, giường tủ, bếp, máy giặt, máy sấy...",1
Đầy đủ nội thất xịn sò.,1
Cơ bản + nội thất cơ bản.,1
"Nội thất: Hoàn thiện full nội thất cao cấp, sang trọng.",1
"Nội thất: Full nội thất cao cấp, hiện đại.",1
"Đầy đủ - Nội thất đầy đủ - mới tinh, sạch đẹp. - Nội thất đầy đủ - mới tinh, sạch đẹp.",1
Nội thất cơ bản của CĐT.,1
"Đầy đủ - Nhà full nội thất, hướng mát quanh năm.",1
"Đầy đủ - Nhà full nội thất, chỉ việc xách vali về ở.",1
Đầy đủ + Nội thất: Đầy đủ.,1
"Đầy đủ nội thất hoàn thiện như cầu thang và cửa gỗ Lim, cửa sổ nhôm kính Việt Pháp, tủ bếp gỗ Xoan đào, gạch chống xước Viglacera, thiết bị vệ sinh Inax...",1
"- Nội thất full cao cấp: Từ sofa, bàn ăn đến tủ bếp và giường ngủ, mọi thứ đều được trang bị sẵn sàng, chỉ cần xách vali vào ở.",1
Căn hộ đã được trang bị đầy đủ nội thất cơ bản chủ đầu tư bàn giao.,1
Nội thất cơ bản liền tường.,1
Đầy đủ Tôi để lại toàn bộ nội thất và đồ điện tử.,1
Đầy đủ - Nội thất 100% nhập từ Bắc Âu.,1
"Nội thất: Sàn gỗ, tủ bếp, trần thạch cao, điều hoà, nóng lạnh...",1
"Đầy đủ: Điều hòa, tủ lạnh, giường...",1
"Căn cơ bản (Bếp, WC, điều hòa... ).",1
"Đầy đủ - Nội thất: Đầy đủ, chỉ cần dọn vào ở ngay.",1
"Cầu thang gỗ gõ đỏ, tủ bếp, tủ quần áo, dây điện Trần Phú, bình nước Sơn Hà, đèn chiếu sáng, ống nhựa Tiền Phong, thiết bị vệ sinh đầy đủ..",1
"Đầy đủ bao gồm điều hòa, tủ lạnh, giường,...",1
Đầy đủ Căn hộ đã đầy đủ nội thất chỉ việc xách vali về ở.,1
Đầy đủ trang bị toàn bộ nội thất nhập khẩu cao cấp và thời thượng.,1
"Nội thất cơ bản: Bàn ghế sofa, tủ, kệ tivi, điều hòa, nóng lạnh,...",1
Chủ tặng toàn bộ nội thất sang sịn mịn.,1
"- Tặng full nội thất sịn sò. Phòng khách, bếp, tivi, sofa, tủ lạnh, tủ rượu...",1
Nội thất CĐT khách mua về làm nội thất theo phong cách và sở thích của gia đình.,1
Nội thất.,1
Nội thất sang xịn mịn.,1
Đầy đủ - Nội thất đầy đủ để lại cho khách mua.,1
- Nội thất nhập khẩu làm đẹp ở lâu dài.,1
"Đầy đủ. Sofa, bàn ăn, giường, tủ, tivi, tủ lạnh, máy giặt...",1
Đã có nội thất đầy đủ.,1
Full nội thất theo thiết kế.,1
"Đầy đủ. - Nội thất đầy đủ để có chuyển vào ở được luôn gồm: Giường, tủ, bếp, điều hòa, nóng lạnh...",1
"Nội thất hoàn thiện cơ bản đẹp (gồm có: Tủ bếp, điều hòa, tủ quần áo âm tường, nhà vệ sinh đầy đủ). + Nội thất đầy đủ, được chủ đầu tư hoàn thiện (như hình). + Nội thất hoàn thiện cơ bản đẹp (gồm có:",1
"Đầy đủ Nội thất đầy đủ, tiện nghi.",1
Đầy đủ Full nội thất xịn sò.,1
"Đầy đủ Đầy đủ nội thất đẹp nhập khẩu chủ để lại gần hết, khách chỉ mang quần áo đến ở.",1
"Full nội thất cao cấp, mới 100%",1
"Nội thất gồm thiết bị liền tường, ti vi 55"", tủ lạnh, máy giặt, máy sấy.",1
- Để lại full đồ nội thất.,1
Đầy đủ hoàn thiện full nội thất đẹp.,1
"Full nội thất Luxury trẻ trung, hiện đại.",1
"Cơ bản nội thất cơ bản đã được trang bị sẵn, nhập khẩu từ Châu Âu.",1
"BẾP, MÁY GIẶT, TIVI TỦ LẠNH FULL ĐỒ CAO CẤP",1
Tivi tủ lạnh điều hòa Cao cấp mới 100%,1
"Điều hòa nóng lạnh mới đét 100%, hàng bosch",1
Có đầy đủ nội thất.,1
"Đầy đủ nội thất đẹp, dọn vào ở ngay",1
"Đầy đủ Nội thất đầy đủ: Điều hòa, tủ lạnh, giường...",1
"- Tôi đã làm full nội thất, khách hàng mua chỉ cần dọn về ở luôn;",1
"Đầy đủ - nội thất đầy đủ, khách mua chỉ cần xách vali vào ở được luôn.",1
"Đầy đủ + Nội thất đầy đủ với điều hòa, tủ lạnh và các trang thiết bị hiện đại.",1
"Đầy đủ nội thất đẹp,chỉ việc vào ở ngay",1
"Đầy đủ nội thất máy giặt, tủ lạnh, giường tủ, điều hoà, nóng lạnh, bàn ghế...",1
"Liền tường cao cấp, thiết bị bếp, thiết bị vệ sinh nhập khẩu",1
"Đầy đủ nội thất cao cấp nhập khẩu. Nội thất cao cấp nhập khẩu, nhà mới mặt phố Nguyễn Văn Cừ, đầy đủ hệ thống PCCC.",1
"Full đồ xịn,",1
Nội thất: Đầy đủ đồ chỉ thiếu chủ mới.,1
"Căn hộ được trang bị sàn gỗ cao cấp, trần thạch cao hiện đại.",1
Nội thất full đồ.,1
"Bên ngoài hoàn thiện, trong thô",1
Nội thất sang xịn.,1
Nội thất hoàn thiện cao cấp nhập khẩu.,1
Cơ bản chủ đầu tư.,1
"Nội thất tivi, tủ lạnh, bàn ăn, bàn trà, tủ bếp, giường, tủ, thiết bị gia đình cơ bản đầy đủ.",1
"Cơ bản Nội thất cơ bản gồm: Tủ bếp, bếp từ, hút mùi phòng bếp, sàn gỗ, trần thạch cao;",1
Nội thất đầy đủ sang trọng ấm cúng.,1
"Full nội thất liền tường nguyên bản CĐT: Trần, sàn, thiết bị vệ sinh, bếp đầy đủ, điều hòa, nóng lạnh...",1
Nội thất cao cấp...,1
"Đầy đủ Đầy đủ nội thất như điều hòa, tủ lạnh, giường...",1
"Đầy đủ Nội thất đầy đủ bao gồm điều hòa, giường, tủ lạnh...",1
"Đầy đủ: Điều hòa, giường, tủ lạnh...",1
Cơ bản nội thất cơ bản.,1
"Nội thất để lại bao gồm Bếp, bàn ghế, tủ, sofa, tủ quần áo, giường, điều hòa, nóng lạnh, tủ lạnh, máy giặt, lò vi sóng,...",1
Đầy đủ nội thất cơ bản.,1
Đầy đủ - Nhà đẹp dân xây - full nội thất ở luôn - ô tô đỗ cổng - 3 bước ra mặt phố.,1
Nội thất đồ gỗ Lim.,1
"Full nội thất cao cấp: Tivi, tủ lạnh, máy giặt, bàn ăn, bàn ghế sofa, bàn ăn, điều hòa âm trần, bếp điện, tủ bếp, tủ âm tường, trần thạch cao, sàn gỗ cao cấp, thiết bị vệ sinh nhập ngoại...",1
"Đầy đủ Tủ lạnh, bếp, hút mùi, nóng lạnh, điều hòa, bàn trang điểm.",1
Đầy đủ nội thất gỗ lim cao cấp.,1
"Đầy đủ - Nội thất đầy đủ với điều hòa, tủ lạnh, giường...",1
"- Nội thất đầy đủ, sẵn sàng cho người ở ngay.",1
Full NT mới tinh nhà làm dùng để sử dụng.,1
"Nội thất bàn giao: Bếp, nóng lạnh, điều hòa, giường tủ, tủ lạnh, máy giặt.",1
"Nội thất gồm có tủ bếp, điều hòa, nóng lạnh, sofa,...",1
Nội ngoại thất đều là loại nhập khẩu cao cấp.,1
"Tặng lại nội thất gắn tường, nóng lạnh, điều hòa...",1
Full nội thất cực chất.,1
"Tủ bếp, cầu thang bằng gỗ Lim, cửa thông phòng nhôm kính Việt Pháp, dây điện Trần Phú, ống nhựa Tiền Phong, gạch ốp lát, thiết bị vệ sinh, hệ thống chiếu sáng, trần thạch cao, bồn nước Sơn Hà...",1
Đầy đủ Bàn giao full nội thất.,1
Cơ bản - Nhà nội thất cơ bản. Bàn giao mới tinh chưa ở. - Nhà nội thất cơ bản. Bàn giao mới tinh chưa ở. - Nhà nội thất cơ bản. Bàn giao mới tinh chưa ở.,1
Nội thất liền tường,1
"Đầy đủ để lại toàn bộ đồ nội thất mới tinh: Giường, tủ, máy giặt, tủ lạnh, bếp...",1
"Đầy đủ - Full đầy đủ nội thất, nhà mới nguyên vẹn.",1
"Nhà full 5 điều hoà mát rượi, phòng bếp full đồ, phòng khách tủ kệ, sofa.",1
Nội thất đồ gỗ.,1
"Nội thất gắn tường đầy đủ, ngoài ra sẵn 3 điều hoà, 2 nóng lạnh, full phòng bếp (bếp từ Hafele, hút mùi, tủ bếp).",1
Hiện Đại,1
"Cơ bản nội thất cơ bản đầy đủ như bếp Bosh, điều hòa, nóng lạnh... - Nội thất: Cơ bản đầy đủ đồ điện tử nhập khẩu Đức thương hiệu BOSH, điều hòa, full sàn gỗ,...",1
"Thang máy, full nội thất",1
Xây thô và hoàn thiện mặt ngoài có cửa kính và cửa cuốn điện 3 pha nước sạch đến tận cửa nhà.,1
Cơ bản full nội thất cơ bản.,1
Đủ đồ đẹp (nhà rất ít ở) nên còn mới 95%.,1
"Nội thất đầy đủ, thông minh, thang máy.",1
liền tường cao cấp,1
"Thiết kế 2 phòng ngủ, 1 vệ sinh. Nội thất: Giường, tủ, tivi, bàn ghế, sofa, tủ bếp, vệ sinh, điều hòa.",1
Nhà mới.,1
"- Full đồ nội thất đầy đủ, đồ mới ít sử dụng.",1
Đầy đủ - Nội thất: Để lại đồ cơ bản liền tường.,1
"điều hoà âm trần, sofa, bình nóng lạnh, giường ngủ, tủ âm tường, tủ bếp, bếp từ...",1
"Cơ bản Nội thất cơ bản: Tủ bếp, điều hòa, nóng lạnh,",1
"Đầy đủ trang bị đầy đủ nội thất hiện đại như điều hòa, tủ lạnh, giường ngủ...",1
Nhà Thô 4 tầng nguyên bản CĐT,1
Nhà Thô nguyên bản hoàn thiện mặt ngoài,1
"Cơ bản Bàn giao nội thất xịn, nhập khẩu Châu Âu.",1
Đủ.,1
"Đầy đủ - Nội thất trang thiết bị đầu tư hơn 300 triệu, mới nhận nhà. Nay bàn giao lại cho chủ mới.",1
"Full nội thất xịn, mới 90%.",1
View bể bơi. Nhà đã sửa chữa đầy đủ nội thất hiện đại.,1
Nội thất đẹp có sẵn chỉ việc về ở.,1
"- Nội thất các phòng: Giường, tủ quần áo, hệ thống bếp, bình nóng lạnh, tủ lạnh điều hòa, sofa, bàn trang điểm,",1
Tặng toàn bộ nội thất.,1
Đầy đủ Tôi để lại toàn bộ đồ nội thất và đồ điện tử.,1
"- Nhà full nội thất đẹp, giá đầu tư.",1
"- Để lại full nội thất mới sửa, khách chỉ việc xách vali về ở.",1
Để lại full nội thất và đồ điện tử còn mới.,1
Full nội thất đẹp. Xịn sò,1
"Đầy đủ + Nội thất đầy đủ, bao gồm điều hòa, tủ lạnh, giường...",1
"Đầy đủ nội thất đầy đủ với điều hòa, tủ lạnh, giường...",1
Thang máy nhập - Thiết kế hiện đại,1
Thang máy nhập khẩu - Nội thất gỗ Lim,1
"Nội thất cao cấp, xịn sò",1
"Nội thất đầy đủ với sofa, tủ lạnh, máy giặt, bếp từ, và nhiều đồ dùng xịn khác.",1
"Đầy đủ tiện nghi đầy đủ. Nội thất bao gồm điều hòa, giường, tủ lạnh...",1
"Đầy đủ + Nội thất đầy đủ, chỉ cần dọn vào ở ngay.",1
"Đầy đủ căn hộ được trang bị đầy đủ nội thất như điều hòa, giường, tủ lạnh, mang đến sự thoải mái cho cư dân. Địa điểm lý tưởng cho sinh viên và người đi làm thuê.",1
"Đầy đủ nội thất lung linh. Sàn gỗ nhập khẩu, nhà xây kiên cố chắc chắn.",1
Đẹp xịn!,1
"Đầy đủ. Hệ thống điện Spotsligh, thiết bị wwc Toto, thang máy 630kg, nội thất đẳng cấp, điều hòa ầm Trần cửa gió, sàn sỗ Malaysia.",1
Cơ bản Nội thất cơ bản.,1
ĐẸP CHẤT,1
"Đã có đầy đủ thiết bị bàn bếp, tủ bếp, hút mùi, ngoài ra sàn gỗ đã lát tất cả các phòng, trần thạch cao tất cả các phòng, 3 điều hòa, 2 nóng lạnh. Gồm giường tủ, sofa.",1
"Tủ bếp, cầu thang bằng gỗ Lim, cửa thông phòng nhôm kính Việt Pháp, dây điện Trần Phú, ống nhựa tiền phòng, gạch ốp lát, thiết bị vệ sinh, hệ thống chiếu sáng, trần thạch cao, bồn nước Sơn Hà...",1
Đã trang bị đầy đủ nội khách mua về ở luôn được.,1
Đầy đủ Nhà đã hoàn thiện nội thất cơ bản.,1
Full nội thất mới đẹp.,1
Nội thất nhập khẩu.,1
Đầy đủ trang bị nội thất xịn xò.,1
"Đầy đủ Căn hộ được thiết kế hiện đại, sang trọng và đầy đủ nội thất, bao gồm điều hòa, giường, tủ lạnh, mang lại sự tiện nghi tối đa cho cư dân.",1
Nội thất bàn giao liền tường của chủ đầu tư.,1
Full đồ rời.,1
Đã trang bị đầy đủ nội thất chỉ cần vào ở ngay.,1
"Đầy đủ - Nhà bán đầy đủ nội thất (Bếp đầy đủ thiết bị, Tivi, máy giặt, giường tủ, sofa, tủ lạnh... ).",1
Nội thất hoàn thiện chủ đầu tư.,1
"Đầy đủ: Điều hòa, giường, tủ lạnh, và nhiều đồ dùng khác.",1
"- Tình trạng: Nhà bàn giao thô, đã hoàn thiện mặt ngoài. - Tình trạng: Nhà bàn giao thô, đã hoàn thiện mặt ngoài.",1
"Đầy đủ + Nội thất đầy đủ, chỉ việc dọn vào ở ngay. Căn hộ được trang bị nội thất hiện đại và tiện nghi.",1
"- Nội thất đầy đủ sang xịn, chỉ việc xách vali về ở.",1
"Đầy đủ các thiết bị: Điều hòa, máy rửa bát, bếp, bếp từ, nóng lạnh,...",1
Nội thất cao cấp. Thang máy nhập khẩu đẹp.,1
Nguyên bản từ chủ đầu tư!,1
Đầy đủ có thang máy.,1
Nội thất cơ bản CĐT.,1
"Đầy đủ Đầy đủ nội thất không thiếu gì, phí dịch vụ siêu rẻ. Sổ đỏ vĩnh viễn khách thuê chỉ nhận nhà về ở. Gía bán 4ty650, Lh 0987265587.",1
"- Nội thất đã làm full mới, chưa ở.",1
Full nội thất (Ảnh thật),1
"Nhà đẹp dân xây, tặng toàn bộ nội thất xịn sò.",1
Chủ để lại toàn bộ nội thất mới làm cẩn thận.,1
"Đầy đủ Nhà đã sắm đầy đủ nội thất: Tivi tủ lạnh, máy giặt hệ thống tủ bếp đầy đủ, Giường tủ quần áo.",1
Nội thất nguyên bản của chủ đầu tư.,1
Đủ nội thất.,1
"Nội thất để lại: Sàn gỗ, trần thạch cao, tủ bếp, hệ thống bếp, điều hòa, nóng lạnh, sofa, bàn ghế, giường tủ.",1
"Đầy đủ nội thất cao cấp, sàn gỗ, cửa chống cháy video call, giường, tủ, bàn ghế, tivi.",1
Cơ bản Nội thất liền tường.,1
- Full nội thất chỉ việc xách vali về ở.,1
"Khóa từ vân tay có điều khiển từ điện thoại. Cửa thông phòng bằng gỗ lim Nam Phi. WC khép kín có phòng tắm riêng, gạch ốp nhập khẩu...",1
Đầy đủ + Nội thất: Full đẹp.,1
"Đầy đủ - chủ ở giữ gìn, tặng full nội thất đẹp.",1
"Nội thất cơ bản với điều hòa, tủ lạnh, giường...",1
Nhà hoàn thiện nội thất cao cấp.,1
Nội thất mới chưa qua sử dụng.,1
"Cơ bản - Tòa căn hộ cao cấp với tiêu chuẩn bàn giao full nội thất liền tường, thiết bị vs, cửa, điều hòa, trần sàn..",1
Full nội thất liền tường cao cấp.,1
"Nội thất gồm: 02 điều hòa. Bếp, hút mùi. - tủ bếp, trần thạch cao, thiết bị vệ sinh, hệ thống đèn điện,...",1
Đã hoàn thiện full nội thất.,1
"Đầy đủ đầy đủ nội thất, chỉ cần dọn vào ở ngay.",1
"Cơ bản: Hệ thống tủ bếp điều hòa âm trần tất cả các phòng, thiết bị vệ sinh ToTo, bồn tắm, sàn gỗ, chuông hình,..",1
Đầy đủ nội thất sang xịn mịn.,1
Đầy đủ + Nội thất full mới đẹp như hình.,1
"Đầy đủ - nội thât full đồ. Mới, sạch sẽ.",1
Đầy đủ Căn đầy đủ nội thất.,1
Đầy đủ. Căn trang bị đầy đủ nội thất.,1
Đầy đủ nội thất full mới đẹp như hình.,1
"Nội thất gia đình để lại gồm: 2 điều hòa (còn tốt), quạt trần, treo tường, 01 giường đôi (gỗ thịt), 01 giường tầng khung chắc chắn (2 tầng) - tạo thêm không gian phòng ngủ; 2 tủ quần áo.",1
Full nội thất đẹp xịn.,1
"Đầy đủ đã hoàn thiện full nội thất cao cấp, thang máy Fujji nhập khẩu.",1
"Đầy đủ nội thất: Full nội thất hiện đại, chỉ việc xách vali vào ở.",1
"Đầy đủ trang bị đầy đủ nội thất như điều hòa, giường, tủ lạnh.",1
Đầy đủ - Nội thất để lại toàn bộ mới.,1
"Đầy đủ - Nội thất đầy đủ như giường, tủ, bếp, sofa, điều hòa, và nhiều thứ khác.",1
"Đầy đủ Nội thất: Trang bị nội thất cao cấp, nhập khẩu, sẵn sàng vào ở: Thang máy tốc độ cao, điều hoà âm trần, sàn gỗ, tủ bếp đầy đủ...",1
"Đầy đủ - Chủ nhà để lại toàn bộ nội thất. Cam kết nhà như hình 100%. - Nhà đã sửa lại toàn bộ, thay cả cấu trúc bên trong, lát sàn gỗ, trống thấm, làm lại trần,... Nhà cực đẹp, sảnh cũng đã được sửa l",1
Có đủ nội thất.,1
"Đầy đủ - Nội thất đầy đủ, sẵn sàng cho cuộc sống mới.",1
- Bàn giao full nội thất. - Bàn giao full nội thất.,1
Đầy đủ Nhà để lại full nội thất.,1
"Nội thất tôi tự tay sắm sửa nên rất tốt. Toàn gỗ thịt và đồ xịn. Nếu thiện chí, tôi sẽ nhượng lại toàn bộ đồ đạc cho người nhiệt tình.",1
"* Nội thất bên trong như khách sạn 5 sao với đầy đủ nội thất, giường, tủ quần áo, tủ bếp, hút mùi, bàn làm việc, bàn ăn, tủ lạnh, điều hòa, nóng lạnh, máy giặt, máy sấy quần áo...",1
"Chủ đầu tư bàn giao full nội thất cao cấp: Trần, sàn, tường, thiết bị vệ sinh, tủ bếp, kệ bếp...",1
"Đầy đủ + Nhà gia chủ cán bộ cấp cao về hưu đã sửa chữa tâm huyết đẹp, đồ gỗ cao cấp xịn xò.",1
"Cơ bản căn hộ có nội thất: Điều hoà Multi Đaikin 2 chiều, đèn chùm, sàn gỗ cao cấp, Full bếp trên bếp dưới thương hiệu uy tín, khoá từ, chuông hình... Điều hoà Multi Đaikin 2 chiều, Đèn chùm, sàn gỗ c",1
Tặng full nội thất.,1
- Nhà đầy đủ nội thất sang trọng.,1
"Đầy đủ Nội thất 3 điều hòa, 2nóng lạnh, tủ bếp, bếp từ, hút mùi...",1
Đầy đủ - Nội thất full khách hàng chỉ xách vali đến ở.,1
Full nội thất xịn sò.,1
Víp,1
"Full nội thất cao cấp, thang máy, bể bơi",1
"Cơ bản Nội thất cơ bản: Điều hòa, tủ lạnh, giường.",1
"Full nội thất, nội thất tôi làm để ở nên rất cẩn thận.",1
"Đầy đủ: Điều hòa, nóng lạnh, tủ bếp + bếp, thiết bị nhà vệ sinh, sàn gỗ, trần thạch cao...",1
Để lại toàn bộ nội thất nhập khẩu Trung Quốc.,1
"Trang bị đầy đủ nội thất hiện đại, cao cấp: Hệ thống điều hòa âm trần, đèn điện cảm biến nhiệt, giường, tủ âm tường, tủ lạnh, máy giặt, bếp từ,...",1
Full Nội thất cao cấp,1
Nội thất xịn.,1
Nội thất siêu xịn.,1
Cơ bản nội thất liền tường.,1
"Nội thất bao gồm điều hòa, giường, tủ lạnh, mang lại sự tiện nghi cho cuộc sống hàng ngày.",1
"- Khung bê tông cốt thép chắc chắn. - Ban công thoáng mát, view panorama. - Cầu thang ốp đá granite tự nhiên, tay vịn gỗ Lim Nam Phi.",1
Đầy đủ Đầy đủ nội thất cao cấp.,1
Đã làm hết nội thất cao cấp.,1
Nội thất: Nhà full sẵn nội thất xịn.,1
"Đầy đủ Chủ nhà tính cẩn thận tỉ mỉ, chọn toàn đồ nhập khẩu đắt tiền từ cái tay nắm cửa. Để lại toàn bộ nội thất bao gồm:",1
"Cơ bản Nội thất xịn cao cấp: Sàn gỗ, tủ bếp, sofa, giường tủ,...",1
"Đầy đủ đầy đủ nội thất như điều hòa, giường, tủ lạnh...",1
"+ Thiết bị vệ sinh nhập khẩu, sàn gỗ công nghiệp cao cấp.",1
Đầy đủ Tôi để lại toàn bộ nội thất.,1
"Đầy đủ như điều hòa, giường, tủ lạnh, sẵn sàng vào ở ngay.",1
"Nội thất xịn sò gần như đầy đủ, Sofa, bàn ti vi, kệ giường tủ, hệ tủ bếp & bàn ăn + tủ lạnh, điều hòa, nóng lạnh..,",1
"Đầy đủ gồm: Sàn gỗ, trần thạch cao, điều hoà, nóng lạnh, tủ bếp, giường tủ bàn ghế, sopha, tivi, tủ lạnh, máy giặt.",1
Đầy đủ - Full nội thất mới tinh chưa qua sử dụng.,1
"Đầy đủ bàn giao full nội thất ngoại nhập, hệ thống bếp điện, hút mùi, điều hoà âm trần, thiết bị vệ sinh nhập khẩu Đức.",1
Nội thất đầy đủ về ở ngay.,1
Đẹp.,1
Đầy đủ nội thất đã được trang bị sẵn.,1
"Đầy đủ thang thoát hiểm phòng chữa cháy có hệ thống. Cammera đầy đủ, khoá vân tay, trong phòng đầy đủ đồ. Máy giặt. Tủ lạnh. Quạt trần. Tủ bếp. Tủ quần áo riêng hết từng phòng.",1
Đầy đủ Nhà đẹp chỉ cần xách vali về ở ngay.,1
"Nội thất cơ bản: Thiết bị vệ sinh, điều hòa...",1
Nội Thất Cao Cấp Chủ nhà tặng lại toàn bộ nội thất trị giá trên 350 triệu. Anh chị em mua nhà chỉ việc xách vali vào ở ngay không phải sắm thêm đồ mới.,1
Đầy đủ nội thất bàn giao full liền tường cao cấp.,1
"Đầy đủ Nội thất đầy đủ với điều hòa, tủ lạnh, giường...",1
"Đầy đủ nội thất phong cách hiện đại chất lượng: Cửa gỗ, cửa kính 2 lớp ngoài cường lực trong an toàn, điều hoà, thiết bị về sinh ToTo, bếp từ, lò vi sóng, máy rửa bát.",1
"Đầy đủ Nội thất: Đầy đủ, bao gồm điều hòa, giường, tủ lạnh, và các tiện nghi khác.",1
+ Bàn giao nhà về ở luôn.,1
Ull nội thất cao cấp.,1
Đầy đủ - hoàn thiện full nội thất mới đầy đủ. - Hoàn thiện full nội thất mới đầy đủ.,1
Cơ bản+ điều hòa,1
Để lại toàn bộ nội thất.,1
"Để lại toàn bộ đồ: Máy giặt, tivi, tủ lạnh, bếp, tủ quần áo, giường...",1
"Đầy đủ - Để lại đầy đủ nội thất mới đẹp, làm rất tâm huyết.",1
"- Để lại đầy đủ nội thất mới đẹp, Gia đình làm rất cẩn thận. Bao gồm cả đồ điện tử: 03 tivi, tủ lạnh, máy giặt, máy sấy, máy rửa bát, lò vi sóng, điều hòa, lò nướng,... Tôi chỉ mang cá nhân đi.",1
"Đầy đủ - Để lại đầy đủ nội thất mới đẹp, làm rất tâm huyết, ở giữ gìn. Gia đình ở rất có lộc.",1
"Tủ bếp, tủ áo, giường ngủ, cầu thang gỗ lim, trần thạch cao, hệ thống chiếu sáng, dây điện Trần Phú, bình nước Sơn Hà.",1
"- Nhà được hoàn thiện rất cẩn thận, đầy đủ nội thất.",1
Để lại full nội thất cao cấp liền tường.,1
Full nội thất mới cao cấp.,1
Nội thất đồ nhập khẩu 100% còn mới cứng.,1
